<?xml version="1.0" encoding="UTF-8"?>
<Tokens version="1.0">
	<File path="Constants/CCLayoutBoxDirection.html">
		
		<Token>
			<TokenIdentifier>//apple_ref/c/tdef/CCLayoutBoxDirection</TokenIdentifier>
			<Abstract type="html">Declares the possible directions for laying out nodes in a CCLayoutBox.</Abstract>
			<DeclaredIn>CCLayoutBox.h</DeclaredIn>
            
			
			<NodeRef refid="107"/>
		</Token>
		
		
        
        <Token>
            <TokenIdentifier>//apple_ref/c/econst/CCLayoutBoxDirectionHorizontal</TokenIdentifier>
            <Abstract type="html">The children will be layout out in a horizontal line.</Abstract>
            <Declaration>CCLayoutBoxDirectionHorizontal</Declaration>
            
            <DeclaredIn>CCLayoutBox.h</DeclaredIn>
            
            <NodeRef refid="107"/>
        </Token>
        
        <Token>
            <TokenIdentifier>//apple_ref/c/econst/CCLayoutBoxDirectionVertical</TokenIdentifier>
            <Abstract type="html">The children will be layout out in a vertical line.</Abstract>
            <Declaration>CCLayoutBoxDirectionVertical</Declaration>
            
            <DeclaredIn>CCLayoutBox.h</DeclaredIn>
            
            <NodeRef refid="107"/>
        </Token>
        
	</File>
</Tokens>