<?xml version="1.0" encoding="UTF-8"?>
<Tokens version="1.0">
	<File path="Constants/CCControlState.html">
		
		<Token>
			<TokenIdentifier>//apple_ref/c/tdef/CCControlState</TokenIdentifier>
			<Abstract type="html">The possible states for a CCControl.</Abstract>
			<DeclaredIn>CCControl.h</DeclaredIn>
            
			
			<NodeRef refid="105"/>
		</Token>
		
		
        
        <Token>
            <TokenIdentifier>//apple_ref/c/econst/CCControlStateNormal</TokenIdentifier>
            <Abstract type="html">The normal, or default state of a control — that is, enabled but neither selected nor highlighted.</Abstract>
            <Declaration>CCControlStateNormal</Declaration>
            
            <DeclaredIn>CCControl.h</DeclaredIn>
            
            <NodeRef refid="105"/>
        </Token>
        
        <Token>
            <TokenIdentifier>//apple_ref/c/econst/CCControlStateHighlighted</TokenIdentifier>
            <Abstract type="html">Highlighted state of a control. A control enters this state when a touch down, drag inside or drag enter is performed. You can retrieve and set this value through the highlighted property.</Abstract>
            <Declaration>CCControlStateHighlighted</Declaration>
            
            <DeclaredIn>CCControl.h</DeclaredIn>
            
            <NodeRef refid="105"/>
        </Token>
        
        <Token>
            <TokenIdentifier>//apple_ref/c/econst/CCControlStateDisabled</TokenIdentifier>
            <Abstract type="html">Disabled state of a control. This state indicates that the control is currently disabled. You can retrieve and set this value through the enabled property.</Abstract>
            <Declaration>CCControlStateDisabled</Declaration>
            
            <DeclaredIn>CCControl.h</DeclaredIn>
            
            <NodeRef refid="105"/>
        </Token>
        
        <Token>
            <TokenIdentifier>//apple_ref/c/econst/CCControlStateSelected</TokenIdentifier>
            <Abstract type="html">Selected state of a control. This state indicates that the control is currently selected. You can retrieve and set this value through the selected property.</Abstract>
            <Declaration>CCControlStateSelected</Declaration>
            
            <DeclaredIn>CCControl.h</DeclaredIn>
            
            <NodeRef refid="105"/>
        </Token>
        
	</File>
</Tokens>