<?xml version="1.0" encoding="UTF-8"?>
<Tokens version="1.0">
	<File path="Classes/CCActionProgressTo.html">
		
		<Token>
			<TokenIdentifier>//apple_ref/occ/cl/CCActionProgressTo</TokenIdentifier>
			<Abstract type="html">This action is for use with the CCProgressNode to control the progression to animation.</Abstract>
			<DeclaredIn>CCActionProgressTimer.h</DeclaredIn>
            
			
			<NodeRef refid="42"/>
		</Token>
		
		
		<Token>
			<TokenIdentifier>//apple_ref/occ/clm/CCActionProgressTo/actionWithDuration:percent:</TokenIdentifier>
			<Abstract type="html">Creates a progress action.</Abstract>
			<DeclaredIn>CCActionProgressTimer.h</DeclaredIn>
			
			<Declaration>+ (id)actionWithDuration:(CCTime)duration percent:(float)percent</Declaration>
			<Parameters>
				<Parameter>
					<Name>duration</Name>
					<Abstract type="html">Action duration.</Abstract>
				</Parameter><Parameter>
					<Name>percent</Name>
					<Abstract type="html">Percentage.</Abstract>
				</Parameter>
			</Parameters>
			<ReturnValue><Abstract type="html">New prgress action.</Abstract></ReturnValue>
			<Anchor>//api/name/actionWithDuration:percent:</Anchor>
            <NodeRef refid="42"/>
		</Token>
		
		<Token>
			<TokenIdentifier>//apple_ref/occ/instm/CCActionProgressTo/initWithDuration:percent:</TokenIdentifier>
			<Abstract type="html">Initializes a progress action.</Abstract>
			<DeclaredIn>CCActionProgressTimer.h</DeclaredIn>
			
			<Declaration>- (id)initWithDuration:(CCTime)duration percent:(float)percent</Declaration>
			<Parameters>
				<Parameter>
					<Name>duration</Name>
					<Abstract type="html">Action duration.</Abstract>
				</Parameter><Parameter>
					<Name>percent</Name>
					<Abstract type="html">Percentage.</Abstract>
				</Parameter>
			</Parameters>
			<ReturnValue><Abstract type="html">New progress action.</Abstract></ReturnValue>
			<Anchor>//api/name/initWithDuration:percent:</Anchor>
            <NodeRef refid="42"/>
		</Token>
		
        
	</File>
</Tokens>