<?xml version="1.0" encoding="UTF-8"?>
<Tokens version="1.0">
	<File path="Classes/CCActionFlipY.html">
		
		<Token>
			<TokenIdentifier>//apple_ref/occ/cl/CCActionFlipY</TokenIdentifier>
			<Abstract type="html">This action will lips the target in y direction.</Abstract>
			<DeclaredIn>CCActionInstant.h</DeclaredIn>
            
			
			<NodeRef refid="32"/>
		</Token>
		
		
		<Token>
			<TokenIdentifier>//apple_ref/occ/clm/CCActionFlipY/actionWithFlipY:</TokenIdentifier>
			<Abstract type="html">Creates a flip action with y direction flipped or non flipped.</Abstract>
			<DeclaredIn>CCActionInstant.h</DeclaredIn>
			
			<Declaration>+ (id)actionWithFlipY:(BOOL)y</Declaration>
			<Parameters>
				<Parameter>
					<Name>y</Name>
					<Abstract type="html">Defines if target is flipped.</Abstract>
				</Parameter>
			</Parameters>
			<ReturnValue><Abstract type="html">The flip action object.</Abstract></ReturnValue>
			<Anchor>//api/name/actionWithFlipY:</Anchor>
            <NodeRef refid="32"/>
		</Token>
		
		<Token>
			<TokenIdentifier>//apple_ref/occ/instm/CCActionFlipY/initWithFlipY:</TokenIdentifier>
			<Abstract type="html">Initializes a flip action with y direction flipped or non flipped</Abstract>
			<DeclaredIn>CCActionInstant.h</DeclaredIn>
			
			<Declaration>- (id)initWithFlipY:(BOOL)y</Declaration>
			<Parameters>
				<Parameter>
					<Name>y</Name>
					<Abstract type="html">Defines if target is flipped</Abstract>
				</Parameter>
			</Parameters>
			<ReturnValue><Abstract type="html">The initialized flip action object.</Abstract></ReturnValue>
			<Anchor>//api/name/initWithFlipY:</Anchor>
            <NodeRef refid="32"/>
		</Token>
		
        
	</File>
</Tokens>