<?xml version="1.0" encoding="UTF-8"?>
<Tokens version="1.0">
	<File path="Constants/CCParticleSystemMode.html">
		
		<Token>
			<TokenIdentifier>//apple_ref/c/tdef/CCParticleSystemMode</TokenIdentifier>
			<Abstract type="html">Particle system mode.</Abstract>
			<DeclaredIn>CCParticleSystemBase.h</DeclaredIn>
            
			
			<NodeRef refid="108"/>
		</Token>
		
		
        
        <Token>
            <TokenIdentifier>//apple_ref/c/econst/CCParticleSystemModeGravity</TokenIdentifier>
            <Abstract type="html">Gravity mode (A mode).</Abstract>
            <Declaration>CCParticleSystemModeGravity</Declaration>
            
            <DeclaredIn>CCParticleSystemBase.h</DeclaredIn>
            
            <NodeRef refid="108"/>
        </Token>
        
        <Token>
            <TokenIdentifier>//apple_ref/c/econst/CCParticleSystemModeRadius</TokenIdentifier>
            <Abstract type="html">Radius mode (B mode).</Abstract>
            <Declaration>CCParticleSystemModeRadius</Declaration>
            
            <DeclaredIn>CCParticleSystemBase.h</DeclaredIn>
            
            <NodeRef refid="108"/>
        </Token>
        
	</File>
</Tokens>