<?xml version="1.0" encoding="UTF-8"?>
<Tokens version="1.0">
	<File path="Classes/CCActionTintTo.html">
		
		<Token>
			<TokenIdentifier>//apple_ref/occ/cl/CCActionTintTo</TokenIdentifier>
			<Abstract type="html">This action tints the target from current tint to the specified value.</Abstract>
			<DeclaredIn>CCActionInterval.h</DeclaredIn>
            
			
			<NodeRef refid="58"/>
		</Token>
		
		
		<Token>
			<TokenIdentifier>//apple_ref/occ/clm/CCActionTintTo/actionWithDuration:color:</TokenIdentifier>
			<Abstract type="html">Creates a tint to action.</Abstract>
			<DeclaredIn>CCActionInterval.h</DeclaredIn>
			
			<Declaration>+ (id)actionWithDuration:(CCTime)duration color:(CCColor *)color</Declaration>
			<Parameters>
				<Parameter>
					<Name>duration</Name>
					<Abstract type="html">Action duration.</Abstract>
				</Parameter><Parameter>
					<Name>color</Name>
					<Abstract type="html">Destination color tint to.</Abstract>
				</Parameter>
			</Parameters>
			<ReturnValue><Abstract type="html">New tint to action.</Abstract></ReturnValue>
			<Anchor>//api/name/actionWithDuration:color:</Anchor>
            <NodeRef refid="58"/>
		</Token>
		
		<Token>
			<TokenIdentifier>//apple_ref/occ/instm/CCActionTintTo/initWithDuration:color:</TokenIdentifier>
			<Abstract type="html">Initalizes a tint to action.</Abstract>
			<DeclaredIn>CCActionInterval.h</DeclaredIn>
			
			<Declaration>- (id)initWithDuration:(CCTime)duration color:(CCColor *)color</Declaration>
			<Parameters>
				<Parameter>
					<Name>duration</Name>
					<Abstract type="html">Action duration.</Abstract>
				</Parameter><Parameter>
					<Name>color</Name>
					<Abstract type="html">Destination color tint to.</Abstract>
				</Parameter>
			</Parameters>
			<ReturnValue><Abstract type="html">New tint to action.</Abstract></ReturnValue>
			<Anchor>//api/name/initWithDuration:color:</Anchor>
            <NodeRef refid="58"/>
		</Token>
		
        
	</File>
</Tokens>