<?xml version="1.0" encoding="UTF-8"?>
<Tokens version="1.0">
	<File path="Constants/CCProgressNodeType.html">
		
		<Token>
			<TokenIdentifier>//apple_ref/c/tdef/CCProgressNodeType</TokenIdentifier>
			<Abstract type="html">Progress Node Type.</Abstract>
			<DeclaredIn>CCProgressNode.h</DeclaredIn>
            
			
			<NodeRef refid="111"/>
		</Token>
		
		
        
        <Token>
            <TokenIdentifier>//apple_ref/c/econst/CCProgressNodeTypeRadial</TokenIdentifier>
            <Abstract type="html">Radial Counter-Clockwise</Abstract>
            <Declaration>CCProgressNodeTypeRadial</Declaration>
            
            <DeclaredIn>CCProgressNode.h</DeclaredIn>
            
            <NodeRef refid="111"/>
        </Token>
        
        <Token>
            <TokenIdentifier>//apple_ref/c/econst/CCProgressNodeTypeBar</TokenIdentifier>
            <Abstract type="html">Bar</Abstract>
            <Declaration>CCProgressNodeTypeBar</Declaration>
            
            <DeclaredIn>CCProgressNode.h</DeclaredIn>
            
            <NodeRef refid="111"/>
        </Token>
        
	</File>
</Tokens>