<?xml version="1.0" encoding="UTF-8"?>
<Tokens version="1.0">
	<File path="Classes/CCParticleSystem.html">
		
		<Token>
			<TokenIdentifier>//apple_ref/occ/cl/CCParticleSystem</TokenIdentifier>
			<Abstract type="html">CCParticleSytem improves upon the performance in CCParticleSystemBase and is the default class
for adding particles.  Please see CCParticleSystemBase documentation.</Abstract>
			<DeclaredIn>CCParticleSystem.h</DeclaredIn>
            
			
			<NodeRef refid="78"/>
		</Token>
		
		
		<Token>
			<TokenIdentifier>//apple_ref/occ/instm/CCParticleSystem/setTexture:withRect:</TokenIdentifier>
			<Abstract type="html">Set particle system texture using specified texture and texture coords value.</Abstract>
			<DeclaredIn>CCParticleSystem.h</DeclaredIn>
			
			<Declaration>- (void)setTexture:(CCTexture *)texture withRect:(CGRect)rect</Declaration>
			<Parameters>
				<Parameter>
					<Name>texture</Name>
					<Abstract type="html">Texture.</Abstract>
				</Parameter><Parameter>
					<Name>rect</Name>
					<Abstract type="html">Texture coords.</Abstract>
				</Parameter>
			</Parameters>
			
			<Anchor>//api/name/setTexture:withRect:</Anchor>
            <NodeRef refid="78"/>
		</Token>
		
        
	</File>
</Tokens>