<?xml version="1.0" encoding="UTF-8"?>
<Tokens version="1.0">
	<File path="Classes/CCActionSequence.html">
		
		<Token>
			<TokenIdentifier>//apple_ref/occ/cl/CCActionSequence</TokenIdentifier>
			<Abstract type="html">This action allows actions to be executed sequentially e.g. one after another.</Abstract>
			<DeclaredIn>CCActionInterval.h</DeclaredIn>
            
			
			<NodeRef refid="51"/>
		</Token>
		
		
		<Token>
			<TokenIdentifier>//apple_ref/occ/clm/CCActionSequence/actions:</TokenIdentifier>
			<Abstract type="html">Helper constructor to create an array of sequence-able actions.</Abstract>
			<DeclaredIn>CCActionInterval.h</DeclaredIn>
			
			<Declaration>+ (id)actions:(CCActionFiniteTime *)action1, ...</Declaration>
			<Parameters>
				<Parameter>
					<Name>action1</Name>
					<Abstract type="html">First action to add to sequence.</Abstract>
				</Parameter><Parameter>
					<Name>...</Name>
					<Abstract type="html">Nil terminated list of actions to sequence.</Abstract>
				</Parameter>
			</Parameters>
			<ReturnValue><Abstract type="html">A New action sequence.</Abstract></ReturnValue>
			<Anchor>//api/name/actions:</Anchor>
            <NodeRef refid="51"/>
		</Token>
		
		<Token>
			<TokenIdentifier>//apple_ref/occ/clm/CCActionSequence/actions:vaList:</TokenIdentifier>
			<Abstract type="html">Helper constructor to create an array of sequence-able actions.</Abstract>
			<DeclaredIn>CCActionInterval.h</DeclaredIn>
			
			<Declaration>+ (id)actions:(CCActionFiniteTime *)action1 vaList:(va_list)args</Declaration>
			<Parameters>
				<Parameter>
					<Name>action1</Name>
					<Abstract type="html">Action to sequence.</Abstract>
				</Parameter><Parameter>
					<Name>args</Name>
					<Abstract type="html">C++ style list of actions.</Abstract>
				</Parameter>
			</Parameters>
			<ReturnValue><Abstract type="html">New action sequence.</Abstract></ReturnValue>
			<Anchor>//api/name/actions:vaList:</Anchor>
            <NodeRef refid="51"/>
		</Token>
		
		<Token>
			<TokenIdentifier>//apple_ref/occ/clm/CCActionSequence/actionWithArray:</TokenIdentifier>
			<Abstract type="html">Helper constructor to create an array of sequence-able actions given an array.</Abstract>
			<DeclaredIn>CCActionInterval.h</DeclaredIn>
			
			<Declaration>+ (id)actionWithArray:(NSArray *)arrayOfActions</Declaration>
			<Parameters>
				<Parameter>
					<Name>arrayOfActions</Name>
					<Abstract type="html">Array of actions to sequence.</Abstract>
				</Parameter>
			</Parameters>
			<ReturnValue><Abstract type="html">New action sequence.</Abstract></ReturnValue>
			<Anchor>//api/name/actionWithArray:</Anchor>
            <NodeRef refid="51"/>
		</Token>
		
		<Token>
			<TokenIdentifier>//apple_ref/occ/clm/CCActionSequence/actionOne:two:</TokenIdentifier>
			<Abstract type="html">Creates an action sequence from two actions.</Abstract>
			<DeclaredIn>CCActionInterval.h</DeclaredIn>
			
			<Declaration>+ (id)actionOne:(CCActionFiniteTime *)actionOne two:(CCActionFiniteTime *)actionTwo</Declaration>
			<Parameters>
				<Parameter>
					<Name>actionOne</Name>
					<Abstract type="html">Action one.</Abstract>
				</Parameter><Parameter>
					<Name>actionTwo</Name>
					<Abstract type="html">Action two.</Abstract>
				</Parameter>
			</Parameters>
			<ReturnValue><Abstract type="html">New action sequence.</Abstract></ReturnValue>
			<Anchor>//api/name/actionOne:two:</Anchor>
            <NodeRef refid="51"/>
		</Token>
		
		<Token>
			<TokenIdentifier>//apple_ref/occ/instm/CCActionSequence/initOne:two:</TokenIdentifier>
			<Abstract type="html">Initializes an action sequence with two actions.</Abstract>
			<DeclaredIn>CCActionInterval.h</DeclaredIn>
			
			<Declaration>- (id)initOne:(CCActionFiniteTime *)actionOne two:(CCActionFiniteTime *)actionTwo</Declaration>
			<Parameters>
				<Parameter>
					<Name>actionOne</Name>
					<Abstract type="html">Action one.</Abstract>
				</Parameter><Parameter>
					<Name>actionTwo</Name>
					<Abstract type="html">Action two.</Abstract>
				</Parameter>
			</Parameters>
			<ReturnValue><Abstract type="html">New action sequence.</Abstract></ReturnValue>
			<Anchor>//api/name/initOne:two:</Anchor>
            <NodeRef refid="51"/>
		</Token>
		
        
	</File>
</Tokens>